{
    "/root/patch_matters_re-1/coco_image/coco_sample_data_Image_Textualization/000000247929.jpg": {
        "main_box": [
            196.4074249267578,
            19.076568603515625,
            422.2768249511719,
            462.3653564453125
        ],
        "equal_four_box": [
            [
                0,
                0,
                320,
                240
            ],
            [
                320,
                0,
                640,
                240
            ],
            [
                0,
                240,
                320,
                480
            ],
            [
                320,
                240,
                640,
                480
            ]
        ]
    },
    "/root/patch_matters_re-1/coco_image/coco_sample_data_Image_Textualization/000000247945.jpg": {
        "main_box": [
            0.22961673140525818,
            314.2727966308594,
            639.8038940429688,
            360.0
        ],
        "equal_four_box": [
            [
                0,
                0,
                320,
                180
            ],
            [
                320,
                0,
                640,
                180
            ],
            [
                0,
                180,
                320,
                360
            ],
            [
                320,
                180,
                640,
                360
            ]
        ]
    },
    "/root/patch_matters_re-1/coco_image/coco_sample_data_Image_Textualization/000000247951.jpg": {
        "main_box": [
            208.01393127441406,
            386.001220703125,
            261.5458068847656,
            430.7473449707031
        ],
        "equal_four_box": [
            [
                0,
                0,
                240,
                320
            ],
            [
                240,
                0,
                480,
                320
            ],
            [
                0,
                320,
                240,
                640
            ],
            [
                240,
                320,
                480,
                640
            ]
        ]
    },
    "/root/patch_matters_re-1/coco_image/coco_sample_data_Image_Textualization/000000247971.jpg": {
        "main_box": [
            0.0,
            0.0,
            611.0,
            611.0
        ],
        "equal_four_box": [
            [
                0,
                0,
                306,
                306
            ],
            [
                306,
                0,
                612,
                306
            ],
            [
                0,
                306,
                306,
                612
            ],
            [
                306,
                306,
                612,
                612
            ]
        ]
    },
    "/root/patch_matters_re-1/coco_image/coco_sample_data_Image_Textualization/000000247976.jpg": {
        "main_box": [
            0.0,
            79.08960723876953,
            637.6375122070312,
            480.0000305175781
        ],
        "equal_four_box": [
            [
                0,
                0,
                320,
                240
            ],
            [
                320,
                0,
                640,
                240
            ],
            [
                0,
                240,
                320,
                480
            ],
            [
                320,
                240,
                640,
                480
            ]
        ]
    },
    "/root/patch_matters_re-1/coco_image/coco_sample_data_Image_Textualization/000000247977.jpg": {
        "main_box": [
            161.2523193359375,
            274.9640808105469,
            470.6441650390625,
            333.5939636230469
        ],
        "equal_four_box": [
            [
                0,
                0,
                320,
                213
            ],
            [
                320,
                0,
                640,
                213
            ],
            [
                0,
                213,
                320,
                427
            ],
            [
                320,
                213,
                640,
                427
            ]
        ]
    },
    "/root/patch_matters_re-1/coco_image/coco_sample_data_Image_Textualization/000000247979.jpg": {
        "main_box": [
            0.0,
            0.0,
            426.0,
            639.0
        ],
        "equal_four_box": [
            [
                0,
                0,
                213,
                320
            ],
            [
                213,
                0,
                427,
                320
            ],
            [
                0,
                320,
                213,
                640
            ],
            [
                213,
                320,
                427,
                640
            ]
        ]
    }
}